{
    "base_transformer": {
        "mse": 0.0011980456489902257
    },
    "prt_transformer": {
        "mse": 0.0006723647568123653
    }
}